plantid,timestamp,mature,rank_phenomenal,rank_tracking,rank_annotation,h,l,a,l_extended
1424,1492105183,False,1,1,-1,-726.0,62.911688245431435,180.0,62.911688245431435
1424,1492105183,False,2,2,-1,-682.0,73.85640646055101,45.0,79.38628919978581
1424,1492201719,False,1,1,-1,-714.0,56.8693287272298,170.75388725443676,57.68436697180347
1424,1492201719,False,2,2,-1,-690.0,137.66753757146435,38.06565109873044,140.56495090793084
1424,1492286062,True,1,1,-1,-726.0,70.91168824543144,180.0,71.45989375613568
1424,1492286062,False,2,2,-1,-694.0,164.10900151178322,49.7998361139047,164.10900151178322
1424,1492286062,False,3,3,-1,-622.0,147.99708416856393,151.58733855692742,157.28558738835085
1424,1492372350,True,1,1,-1,-710.0,42.140677708012916,-167.90524292298792,42.898969868285555
1424,1492372350,False,2,2,-1,-678.0,162.55046545210215,57.71533698889477,164.3896225134961
1424,1492372350,False,3,3,-1,-614.0,202.40843397063063,178.60281897270363,208.65617310997362
1424,1492458818,True,1,1,-1,-730.0,66.03944368676558,-169.69515353123398,66.03944368676558
1424,1492458818,False,2,2,-1,-658.0,149.77945491468364,43.69804732742112,155.61313232874843
1424,1492458818,False,3,4,-1,-618.0,141.75517243930366,68.55226367289465,171.5206536089231
1424,1492458818,False,4,3,-1,-558.0,280.94821610076076,-168.0390071457503,284.89256594447716
1424,1492539945,True,1,1,-1,-718.0,66.03944368676558,-169.69515353123398,66.03944368676558
1424,1492539945,False,2,2,-1,-646.0,149.83788311260895,33.88918324745882,150.99238214923412
1424,1492539945,False,3,4,-1,-618.0,213.4378712221535,99.07149757717717,237.58813584085414
1424,1492539945,False,4,3,-1,-546.0,328.9618152541688,-164.21282105566556,332.424068936415
1424,1492637441,True,1,1,-1,-718.0,60.3825894372732,-167.69198418257207,60.3825894372732
1424,1492637441,True,2,2,-1,-662.0,150.1649601833929,33.16322463213728,150.1649601833929
1424,1492637441,False,3,3,-1,-622.0,341.34732052287814,-167.7335137521717,344.2533277834811
1424,1492637441,False,4,4,-1,-550.0,295.5620339453222,90.09167316899322,307.51862139614184
1424,1492810320,True,1,1,-1,-694.0,79.31079266754871,-163.9509952074668,79.31079266754871
1424,1492810320,True,2,2,-1,-614.0,157.70147659411785,-1.859599338745558,157.70147659411785
1424,1492810320,False,3,3,-1,-550.0,331.19012783002114,171.62605023130976,332.23715339320114
1424,1492810320,False,4,4,-1,-502.0,233.54704471175395,131.63353933657018,262.7764057235229
1424,1492810320,False,5,5,-1,-406.0,461.4699211880696,49.688751605411674,467.1630683712814
1424,1492889197,True,1,1,-1,-678.0,66.15427686142094,-143.8067926944353,66.15427686142094
1424,1492889197,True,2,2,-1,-606.0,144.14023140289248,0.0,145.56448978270777
1424,1492889197,False,3,3,-1,-538.0,317.90517969582993,-178.57782187113142,319.022686235069
1424,1492889197,False,4,4,-1,-502.0,512.3981244183451,67.07208920667557,543.6317336138944
1424,1492889197,False,5,5,-1,-418.0,324.5928249703038,131.1689486389433,345.4309787531178
1424,1492977232,True,1,1,-1,-682.0,62.15427686142094,-137.93567344642116,62.15427686142094
1424,1492977232,True,2,2,-1,-606.0,160.86641289579373,5.38242828163004,160.86641289579373
1424,1492977232,False,3,3,-1,-522.0,307.20372698342914,-165.48894049983093,311.2677655445393
1424,1492977232,False,4,4,-1,-502.0,546.511603819542,75.37800332417623,602.5010014661472
1424,1492977232,False,5,5,-1,-414.0,358.81822171472,165.37912601136836,375.34907549141826
1424,1493079501,True,1,1,-1,-686.0,67.42562584220407,-135.0,67.42562584220407
1424,1493079501,True,2,2,-1,-618.0,160.8743523641468,22.68560339757321,160.8743523641468
1424,1493079501,True,3,3,-1,-534.0,307.5045132157352,-164.76237441043688,308.58121196340954
1424,1493079501,False,4,4,-1,-510.0,596.9062303522455,50.708715326163365,620.4996581469219
1424,1493079501,False,5,5,-1,-434.0,529.114738342131,177.49418798927377,544.961350604839
1424,1493079501,False,6,6,-1,-314.0,298.1494270420594,-48.48327146899767,309.27154383079386
1424,1493231610,True,1,1,-1,-674.0,52.497422611928556,-135.0,52.497422611928556
1424,1493231610,True,2,2,-1,-618.0,158.05012700873752,30.722410952286815,160.15100363248862
1424,1493231610,True,3,3,-1,-550.0,348.1878888853143,-160.489921466481,348.1878888853143
1424,1493231610,False,4,4,-1,-482.0,566.3606165592431,42.71177512822722,603.4524946752302
1424,1493231610,False,5,5,-1,-422.0,689.1038624978346,166.86910751104637,728.8318305250365
1424,1493231610,False,6,6,-1,-286.0,447.16675282297916,7.633330587231303,484.2768428320543
1424,1493305876,True,1,1,-1,-694.0,63.42562584220406,-131.11209043916693,63.42562584220406
1424,1493305876,True,2,2,-1,-618.0,152.14887221217623,34.57580662266057,152.14887221217623
1424,1493305876,True,3,3,-1,-546.0,309.76002409840345,-156.22994543642227,313.76081580222444
1424,1493305876,False,4,4,-1,-470.0,570.2593825379957,38.12477096012295,597.6265804321673
1424,1493305876,False,5,5,-1,-418.0,742.2035151768127,165.0675479669062,808.5924942663614
1424,1493305876,False,6,6,-1,-306.0,584.371780138784,20.31282627020737,588.3926722828126
1424,1493446072,True,1,1,-1,-698.0,71.42562584220407,-124.19560540246076,76.96087995170873
1424,1493446072,True,2,2,-1,-606.0,150.35091324104351,28.511246294108744,150.35091324104351
1424,1493446072,True,3,3,-1,-546.0,311.21441030540103,-149.8210680709184,311.21441030540103
1424,1493446072,False,4,4,-1,-454.0,563.831517751085,45.49084718111271,586.386967050331
1424,1493446072,False,5,5,-1,-410.0,799.4355374449224,174.77833494496807,879.8974468202144
1424,1493446072,False,6,6,-1,-278.0,717.3958854736381,54.54187121807878,753.9550676262269
1424,1493446072,False,7,7,-1,-198.0,501.7178647918804,-92.6230909653308,518.5130253736028
1424,1493578309,True,1,1,-1,-698.0,89.66753757146436,-129.96621304379994,89.66753757146436
1424,1493578309,True,2,2,-1,-618.0,158.93597072081138,31.539796777599843,158.93597072081138
1424,1493578309,True,3,3,-1,-546.0,307.9007018064163,-150.59587531075428,313.4091950475978
1424,1493578309,False,4,4,-1,-434.0,542.4589347490544,43.14768347357033,557.5784390771653
1424,1493578309,False,5,5,-1,-410.0,830.0892259898771,176.73305843933423,887.6377206344132
1424,1493578309,False,6,6,-1,-314.0,874.4625513489367,44.15555204684593,901.2458178039651
1424,1493578309,False,7,7,-1,-186.0,650.6741818701507,-104.43047426145007,654.8304578987531
1424,1493705065,True,1,1,-1,-698.0,94.50260126978849,-136.62333252509046,94.50260126978849
1424,1493705065,True,2,2,-1,-622.0,164.7524871894764,27.126756509644537,164.7524871894764
1424,1493705065,True,3,3,-1,-542.0,300.3874410963729,-153.21120555241973,302.63272206706716
1424,1493705065,True,4,4,-1,-454.0,536.8020804995621,45.724989014543134,555.1018025883155
1424,1493705065,False,5,7,-1,-414.0,821.7184549189268,-179.31800669939676,877.1471146029069
1424,1493705065,False,6,6,-1,-306.0,940.7251289536956,50.60489046308226,1006.2307987046223
1424,1493705065,False,7,8,-1,-182.0,421.92169468067397,15.890144443108918,433.7926354514678
1424,1493705065,False,8,5,-1,-154.0,779.1920636576855,-150.06007614221963,800.4522170576512
1424,1493772304,True,1,1,-1,-698.0,90.43854810888287,-128.89390615271574,90.43854810888287
1424,1493772304,True,2,2,-1,-626.0,154.51057546021613,19.266411785337706,154.51057546021613
1424,1493772304,True,3,3,-1,-546.0,320.0019358276637,-154.45316702586354,322.0523603039635
1424,1493772304,True,4,4,-1,-466.0,536.703762309751,46.76496181417462,597.1392707005426
1424,1493772304,False,5,5,-1,-402.0,800.6872473249068,-156.60604189457948,932.366879916782
1424,1493772304,False,6,7,-1,-298.0,733.8389114719345,-163.84377127241405,743.3055293431182
1424,1493772304,False,7,6,-1,-174.0,861.589606021825,58.788015964405076,1085.234073760069
1424,1493772304,False,8,8,-1,-106.0,692.578184756297,35.36141218698832,766.3856386225721
1424,1493879525,True,1,1,-1,-698.0,92.09540235837525,-131.9335144988741,92.09540235837525
1424,1493879525,True,2,2,-1,-622.0,157.3755006732048,24.08893850336928,157.3755006732048
1424,1493879525,True,3,3,-1,-558.0,311.89001848444445,-167.12761903373752,322.2903646331476
1424,1493879525,True,4,4,-1,-474.0,569.5730910369808,45.671148433228495,581.986714896878
1424,1493879525,False,5,5,-1,-382.0,868.0252382992716,-149.6935255742056,913.4886463104713
1424,1493879525,False,6,7,-1,-294.0,933.8573622844419,-158.09912098812615,933.8573622844419
1424,1493879525,False,7,6,-1,-194.0,1050.6691702820854,62.45762782909942,1093.579879655344
1424,1493879525,False,8,8,-1,-86.0,716.1927405444151,33.04427709106277,744.8972185408221
1424,1493879525,False,9,9,-1,-78.0,416.9812460704493,-38.95590783775889,447.3856708267474
1424,1494031508,True,1,1,-1,-698.0,84.30355361338398,-151.8493114118251,84.30355361338398
1424,1494031508,True,2,2,-1,-622.0,156.53437748088547,25.645946393363754,156.53437748088547
1424,1494031508,True,3,3,-1,-554.0,306.29068496453925,179.969764762958,315.0222572903339
1424,1494031508,True,4,4,-1,-474.0,510.66140279154916,46.991635778789956,608.0638527092734
1424,1494031508,False,5,5,-1,-354.0,730.3470174058357,-153.3682353508242,883.5342967227906
1424,1494031508,False,6,6,-1,-290.0,967.2649110838252,47.16122143630253,1110.5478909342112
1424,1494031508,False,7,7,-1,-186.0,897.6276959351321,-151.94828121303624,1156.235351595401
1424,1494031508,False,8,8,-1,-106.0,737.7784749109117,35.81677284084596,904.324161969276
1424,1494031508,False,9,9,-1,-50.0,601.5054392255748,-99.64916576390952,606.3474955298562
1424,1494142217,True,1,1,-1,-698.0,85.65393841805634,-135.27948939054477,85.65393841805634
1424,1494142217,True,2,2,-1,-634.0,158.19123173037784,27.589156878285127,158.19123173037784
1424,1494142217,True,3,3,-1,-554.0,300.6338307150469,179.7880186963015,300.6338307150469
1424,1494142217,True,4,4,-1,-470.0,558.6719755772111,49.7023550940961,586.7509311857652
1424,1494142217,False,5,5,-1,-334.0,743.6183663866187,-150.80621256573866,859.3011782445672
1424,1494142217,False,6,6,-1,-294.0,887.754566205218,55.923247735324495,1126.8741226951108
1424,1494142217,False,7,7,-1,-174.0,927.3418626296923,-126.03829102588479,1173.8590315167248
1424,1494142217,False,8,8,-1,-118.0,834.6614027915492,55.136645477232115,834.6614027915492
1424,1494142217,False,9,10,-1,-30.0,399.8822509939085,0.0,414.23166505212083
1424,1494142217,False,10,9,-1,-10.0,666.136859709442,-92.374220594915,675.3979649162457
1424,1494374896,True,1,1,-1,-698.0,82.62450116653348,-133.5159853243379,86.03395752802709
1424,1494374896,True,2,2,-1,-626.0,142.05012700873755,53.800197876380516,143.5387390524586
1424,1494374896,True,3,3,-1,-554.0,306.8182217147199,163.6491939620607,330.87698242600493
1424,1494374896,True,4,4,-1,-474.0,544.4029760774449,51.544866931914775,587.1255637990398
1424,1494374896,True,5,5,-1,-378.0,750.9290485178575,-155.61980742558018,851.8341163099508
1424,1494374896,False,6,6,-1,-294.0,919.2318811141366,36.245981841836866,1100.0984325445065
1424,1494374896,False,7,8,-1,-178.0,1044.9003986893729,64.97005918833274,1154.1476410449045
1424,1494374896,False,8,10,-1,74.0,568.8770962177658,-34.98080771738808,604.5555058309885
1424,1494374896,False,9,9,-1,-2.0,759.2969142788161,-124.53909856959746,844.2669898473608
1424,1494374896,False,10,7,-1,150.0,1076.5509853094786,-139.73922414287006,1206.1826460614823
1424,1494525025,True,1,1,-1,-698.0,92.69394845524107,-154.56776858128947,93.46628268427436
1424,1494525025,True,2,2,-1,-686.0,83.49674572519933,-51.927218126009166,139.43459099686416
1424,1494525025,True,3,3,-1,-562.0,321.0737325973882,156.78416730224603,325.86016573349997
1424,1494525025,True,4,4,-1,-474.0,560.4876951138481,49.6367563962009,581.862387400673
1424,1494525025,True,5,5,-1,-346.0,811.1180279432546,-152.8308613901512,823.2001950314831
1424,1494525025,False,6,6,-1,-274.0,995.3030009971338,47.81243591406736,1059.2854021329658
1424,1494525025,False,7,7,-1,-154.0,1188.672668167728,-124.02444022623824,1227.930848754421
1424,1494525025,False,8,8,-1,-110.0,1165.8190153402068,57.008719644116894,1214.8728712387992
1424,1494525025,False,9,9,-1,-30.0,674.7684684756688,-136.98545858451692,674.7684684756688
1424,1494525025,False,10,10,-1,30.0,757.2158734511524,-26.050362224960562,769.8008239374922
1424,1494619028,True,1,1,-1,-698.0,85.68246264394554,-147.43544150252765,88.93010526877153
1424,1494619028,True,2,2,-1,-690.0,173.88404276953034,-28.319072830444085,176.5960457111098
1424,1494619028,True,3,3,-1,-558.0,303.6028314055464,157.3419196734825,319.32240788274066
1424,1494619028,True,4,4,-1,-474.0,557.4747728471697,51.25167866225789,585.3902777586719
1424,1494619028,True,5,5,-1,-346.0,710.1610643481852,-150.98002662040165,833.0722770942136
1424,1494619028,False,6,6,-1,-262.0,852.4925467729493,47.821528842894246,1053.2068151076376
1424,1494619028,False,7,7,-1,-174.0,1120.7826515230217,-124.1215614832178,1236.1854942999469
1424,1494619028,False,8,9,-1,-126.0,926.9563573609825,-144.68409416698057,999.6999216574818
1424,1494619028,False,9,8,-1,2.0,1162.3339889349936,62.80502952110148,1216.0029146841632
1424,1494619028,False,10,10,-1,86.0,736.9530677598602,-16.343230818529623,760.7795885594998
1424,1494796563,True,1,2,-1,-690.0,131.54087518476697,-22.096311629660402,178.4575878114975
1424,1494796563,True,2,3,-1,-582.0,281.16136746522744,162.01695906064288,346.2635367558518
1424,1494796563,True,3,4,-1,-482.0,492.40104024978103,53.31214386465475,564.9644998201453
1424,1494796563,True,4,5,-1,-374.0,689.7454449412236,-152.98805597611607,827.2095838241191
1424,1494796563,False,5,6,-1,-234.0,824.1917605406437,49.140830488316475,1007.0885443653897
1424,1494796563,False,6,7,-1,-190.0,1066.0617661546028,-123.7652484864822,1208.5477190605034
1424,1494796563,False,7,9,-1,-110.0,1005.5279405629964,-158.8898542650486,1091.6025932451832
1424,1494796563,False,8,8,-1,34.0,1104.1674780652645,65.18142162818417,1212.4324469562578
1424,1494796563,False,9,10,-1,110.0,783.0063188845545,3.12111911621157,831.7876156085716
1424,1494796563,False,10,11,-1,130.0,499.5074290471714,133.7981669355479,523.6442288473668
1424,1494796563,False,11,12,-1,142.0,465.45438620699764,-80.69005982501396,478.35085666056614
1424,1494884485,True,1,2,-1,-690.0,73.95122457735073,-17.52556837372287,182.15154775221805
1424,1494884485,True,2,3,-1,-562.0,275.2338411216812,160.8702080933771,335.38590377416244
1424,1494884485,True,3,4,-1,-474.0,487.5151965377072,57.790326617135925,530.2740134858399
1424,1494884485,True,4,5,-1,-354.0,760.1955079254926,-152.35225893651932,814.505852427834
1424,1494884485,False,5,6,-1,-214.0,763.5248998559078,52.4119215609661,1004.7166846857377
1424,1494884485,False,6,7,-1,-214.0,1094.8318637537757,-126.60121553243806,1200.4329108728891
1424,1494884485,False,7,8,-1,-102.0,1117.1380408137418,66.6766928446802,1199.3528887472119
1424,1494884485,False,8,10,-1,66.0,847.9668990795057,8.249018542656765,892.6586704252223
1424,1494884485,False,9,9,-1,114.0,1027.5824205854938,-148.87129005589884,1126.8943156240025
1424,1494884485,False,10,11,-1,154.0,728.314521134799,-73.76668803252005,728.314521134799
1424,1494959679,True,1,2,-1,-686.0,48.28427124746191,-19.98310652189998,159.2575450514572
1424,1494959679,True,2,3,-1,-562.0,266.1620443519567,160.370376903343,330.2373062824092
1424,1494959679,True,3,4,-1,-470.0,475.1160921155898,58.46828381208106,508.4656856409807
1424,1494959679,True,4,5,-1,-350.0,752.4906109452849,-152.18800980588202,806.2311448806836
1424,1494959679,True,5,6,-1,-282.0,925.9681300827721,50.09336923041278,1064.522515414621
1424,1494959679,False,6,7,-1,-190.0,1082.7752559624332,-124.96371841831962,1181.6862946282413
1424,1494959679,False,7,10,-1,-110.0,869.0348709648287,11.953228481007168,950.1130432183808
1424,1494959679,False,8,9,-1,130.0,1090.4229889479298,-147.36649715321482,1167.7745732850967
1424,1494959679,False,9,8,-1,142.0,1085.553660220702,72.76139052969117,1209.1160193497406
1424,1494959679,False,10,11,-1,170.0,727.6793476356743,-99.65260971667907,727.6793476356743
1424,1494959679,False,11,12,-1,174.0,464.0983181898113,57.264773727892404,477.7597448604754
1424,1495051493,True,1,2,-1,-682.0,36.58505747976789,7.907162702958458,78.64588224488446
1424,1495051493,True,2,3,-1,-562.0,296.14994872264197,159.02779343025372,327.85629434425516
1424,1495051493,True,3,4,-1,-454.0,458.7305868468806,60.92349719402669,475.5286903979297
1424,1495051493,True,4,5,-1,-334.0,752.4478051219625,-150.66463265920902,799.7459774963429
1424,1495051493,True,5,6,-1,-266.0,907.8409346050461,50.71759656970652,1015.5109760446874
1424,1495051493,False,6,7,-1,-158.0,970.786900770474,-125.88710022844529,1149.7827945113202
1424,1495051493,False,7,8,-1,-118.0,1062.329863097671,61.648488576902565,1247.2263517206293
1424,1495051493,False,8,10,-1,118.0,828.2337462891583,10.584526963762634,982.8155118807662
1424,1495051493,False,9,12,-1,134.0,521.8534906291151,34.011348903506025,543.7118160071515
1424,1495051493,False,10,9,-1,18.0,980.0835152115825,-148.44538237311713,1177.6615685374372
1424,1495051493,False,11,11,-1,178.0,724.6940940452389,-104.62087398863166,771.3662181518895
1424,1495137914,True,1,2,-1,-686.0,56.2842712474619,-20.37643521383639,141.36215052241434
1424,1495137914,True,2,3,-1,-582.0,309.34822799121616,153.5281884143551,320.72840766384627
1424,1495137914,True,3,4,-1,-474.0,480.38744109637304,62.261174414166675,500.8147263869961
1424,1495137914,True,4,5,-1,-374.0,685.4611736937617,-151.61941383026834,837.9700283293047
1424,1495137914,True,5,6,-1,-214.0,751.379308534899,48.62023254536111,1008.1379172206591
1424,1495137914,True,6,7,-1,-214.0,962.4393554824175,-124.48830092337072,1124.2565372953356
1424,1495137914,False,7,8,-1,-122.0,1033.6109726657694,58.26488368430287,1197.869207808379
1424,1495137914,False,8,10,-1,-26.0,909.2861122426026,-15.893346521809997,976.3796463132753
1424,1495137914,False,9,12,-1,134.0,576.720330538536,66.2051646201222,592.0056479001091
1424,1495137914,False,10,9,-1,18.0,1055.3935516964077,-150.82995273986054,1201.3080101014111
1424,1495137914,False,11,11,-1,222.0,607.3292434800572,-138.70054305517834,608.5680002169536
1424,1495223835,True,1,2,-1,-682.0,54.62741699796953,-11.164880177548593,158.49989362871816
1424,1495223835,True,2,3,-1,-582.0,300.98901356098486,154.93088943730376,331.8266014110962
1424,1495223835,True,3,4,-1,-474.0,481.0737325973883,62.035898774422506,506.53440657956276
1424,1495223835,True,4,5,-1,-374.0,788.658687171792,-149.41423518304296,799.5358210719705
1424,1495223835,True,5,6,-1,-222.0,900.2735637456102,48.6576932625261,976.6313725601823
1424,1495223835,True,6,7,-1,-222.0,1069.462124227711,-122.77106932764265,1163.087835045475
1424,1495223835,False,7,8,-1,-86.0,1047.8363694101856,59.72398466244686,1159.3868774663538
1424,1495223835,False,8,10,-1,-26.0,896.1431955898826,-31.541662863864175,992.6117711608498
1424,1495223835,False,9,12,-1,206.0,503.2124744777374,163.53998518795996,522.0655494102127
1424,1495223835,False,10,9,-1,30.0,1074.298379919641,-156.44733644170913,1188.2904620609386
1424,1495223835,False,11,11,-1,246.0,628.9695827447052,-149.0059442748159,628.9695827447052
1424,1495310225,True,1,2,-1,-694.0,146.01802014701576,-25.235039848802337,200.9212355911982
1424,1495310225,True,2,3,-1,-562.0,294.15912852052065,148.60325093936154,323.46469883228565
1424,1495310225,True,3,4,-1,-474.0,480.18788888531435,62.57298127140348,496.8721279986592
1424,1495310225,True,4,5,-1,-374.0,757.0862412107143,-148.87273126452743,828.9941297300495
1424,1495310225,True,5,6,-1,-214.0,827.3023061570351,47.808729346193026,971.1311913468387
1424,1495310225,True,6,7,-1,-202.0,1029.8036410293284,-124.02548876325596,1140.870513371359
1424,1495310225,False,7,8,-1,-46.0,977.6956917021733,58.14202514525219,1106.9972687051263
1424,1495310225,False,8,9,-1,-46.0,1014.8415241863275,-159.1535456123082,1163.351476732247
1424,1495310225,False,9,10,-1,74.0,886.6994927048568,-37.38943782109007,995.3730054024425
1424,1495310225,False,10,11,-1,198.0,636.121828945938,-167.3229499838288,636.121828945938
1424,1495310225,False,11,13,-1,242.0,535.4967457251994,174.43366785730905,557.258665923161
1424,1495310225,False,12,12,-1,354.0,626.7335026783165,-24.479040985163124,626.7335026783165
1424,1495564435,True,1,3,-1,-622.0,144.09540235837522,153.62157936648757,164.89628778495066
1424,1495564435,True,2,4,-1,-482.0,441.7464249449955,66.07046002354456,477.7756113786197
1424,1495564435,True,3,5,-1,-378.0,772.389376924037,-145.70950423532548,791.5348334877848
1424,1495564435,True,4,6,-1,-258.0,876.6619848457556,49.9697407281103,1011.2860020420222
1424,1495564435,True,5,7,-1,-198.0,1039.8980275697202,-125.57001340880939,1111.6325531151456
1424,1495564435,True,6,8,-1,-162.0,983.1410426745998,53.32109087708403,1144.1236211726452
1424,1495564435,True,7,9,-1,-46.0,967.583328053832,-150.24772315458586,1078.530135808071
1424,1495564435,False,8,10,-1,42.0,900.5851206934194,-40.364338883511806,958.12736090296
1424,1495564435,False,9,11,-1,154.0,673.5050952699404,-165.59203004079367,673.5050952699404
1424,1495564435,False,10,12,-1,294.0,682.7276710154445,-24.990306111324813,717.6453111447864
1424,1495564435,False,11,13,-1,330.0,530.9934914503984,180.0,530.9934914503984
1424,1495564435,False,12,14,-1,486.0,533.7551724393037,-131.18592516570965,563.5017494307398
1424,1495727412,True,1,3,-1,-622.0,160.94406521010737,150.80251395393552,166.56765023328018
1424,1495727412,True,2,4,-1,-502.0,438.81822171472,66.07732567578671,478.3226710241754
1424,1495727412,True,3,5,-1,-382.0,729.2303723001005,-144.06596385059748,826.0109747627299
1424,1495727412,True,4,6,-1,-262.0,887.1910836539138,48.80494901906816,1009.1811266328031
1424,1495727412,True,5,7,-1,-170.0,1025.6248512657523,-125.64556825240923,1121.131178571477
1424,1495727412,True,6,8,-1,-118.0,1123.5353571864962,57.43808928200605,1147.9397957926255
1424,1495727412,True,7,9,-1,-42.0,1025.5935650706838,-142.7517791542967,1075.6756719684429
1424,1495727412,True,8,10,-1,66.0,831.2952335065964,-40.39182931663824,928.5567453238206
1424,1495727412,False,9,12,-1,158.0,587.3809325467716,-21.383838611103748,654.7949761865419
1424,1495727412,False,10,15,-1,186.0,432.3437278047127,-171.30521150706846,432.3437278047127
1424,1495727412,False,11,11,-1,378.0,560.3650944486566,-151.05878538185112,560.3650944486566
1424,1495727412,False,12,14,-1,406.0,438.3071999493832,176.27297022363024,488.28665884473867
1424,1495727412,False,13,13,-1,494.0,472.0,0.0,506.27206892809573
1424,1495806823,True,1,3,-1,-630.0,140.71962919760546,170.53767779197437,163.71223473247298
1424,1495806823,True,2,4,-1,-514.0,447.7040654267938,63.6540321269586,497.7622434069029
1424,1495806823,True,3,5,-1,-390.0,686.0763453117813,-145.0086301286664,817.1898888688227
1424,1495806823,True,4,6,-1,-262.0,921.8058089668133,49.70133320359818,1007.3479003489372
1424,1495806823,True,5,7,-1,-242.0,1088.6180632695764,-124.67246376841952,1148.5834546297822
1424,1495806823,True,6,8,-1,-162.0,1043.617386382848,53.37394976869026,1169.3944257429773
1424,1495806823,True,7,9,-1,-74.0,890.0510828326289,-147.38027481019407,1086.381629357565
1424,1495806823,True,8,10,-1,30.0,808.4195261159762,-37.070958557953006,888.7572826118782
1424,1495806823,True,9,11,-1,126.0,631.8072352757049,-161.16918237045226,665.7297504269179
1424,1495806823,False,10,12,-1,230.0,571.181380335713,-14.810562803480416,634.1279072756689
1424,1495806823,False,11,13,-1,310.0,568.431362672552,177.68078840450016,568.431362672552
1424,1495806823,False,12,14,-1,478.0,504.09831818981127,147.4499965078066,524.8157645181095
1424,1495989374,True,1,4,-1,-510.0,406.7500176631608,60.538870595471145,464.2948062243972
1424,1495989374,True,2,5,-1,-382.0,764.9744344038049,-145.58890829550026,798.8403771935291
1424,1495989374,True,3,6,-1,-254.0,902.5183913063064,48.959440354800606,1000.2193584844101
1424,1495989374,True,4,7,-1,-238.0,1053.6028066335466,-127.37974887936144,1136.62085846585
1424,1495989374,True,5,8,-1,-162.0,1098.4579547452845,54.00100514084704,1155.9163702725052
1424,1495989374,True,6,9,-1,-74.0,873.9527646428176,-149.79451101604397,1131.6891823362869
1424,1495989374,True,7,10,-1,-74.0,792.7389363916225,-36.48845174576502,900.89917049975
1424,1495989374,True,8,11,-1,178.0,800.2034238663863,-155.46947666858858,800.2034238663863
1424,1495989374,True,9,12,-1,294.0,535.7499228306367,-13.599660670038887,619.8197342979615
1424,1495989374,False,10,13,-1,430.0,497.28396813041905,146.54479805546782,562.5588696245906
1424,1495989374,False,11,15,-1,486.0,442.83182086812815,83.01894259317021,449.9313221758415
1424,1495989374,False,12,14,-1,750.0,413.06888093828843,118.9959595141184,437.57821381212904
1424,1496074174,True,1,4,-1,-526.0,269.279116471319,54.43181652487202,272.6301497503712
1424,1496074174,True,2,5,-1,-386.0,697.8602781158786,-134.46667096906322,802.4983977022556
1424,1496074174,True,3,6,-1,-262.0,915.1746557197531,50.051672846211616,986.6638062843552
1424,1496074174,True,4,7,-1,-202.0,976.9942111353868,-117.8006987253482,1090.476822067939
1424,1496074174,True,5,8,-1,-162.0,990.5290746282789,44.489998269220315,1152.7616962468458
1424,1496074174,True,6,9,-1,-74.0,888.2053596940502,-142.7313966730693,1095.8989207868847
1424,1496074174,True,7,10,-1,46.0,799.8649035885119,-39.663560720983774,910.6204947912652
1424,1496074174,True,8,11,-1,198.0,703.5171323653713,-152.10272896905238,703.5171323653713
1424,1496074174,True,9,12,-1,342.0,525.0932991627532,-22.57479524961713,612.3844159552687
1424,1496074174,True,10,13,-1,426.0,510.2545308788961,142.3146266316516,567.8733009884937
1424,1496074174,False,11,16,-1,538.0,239.72349624307392,-48.07745539942438,239.72349624307392
1424,1496074174,False,12,14,-1,738.0,376.8138312188377,158.57954088079012,410.5914800752679
1424,1496074174,False,13,15,-1,790.0,296.0,0.0,320.0208342143616
1424,1496159401,True,1,4,-1,-530.0,261.279116471319,47.27214441094836,309.0413363301207
1424,1496159401,True,2,5,-1,-378.0,737.4747728471694,-144.22906381345987,818.8875522483401
1424,1496159401,True,3,6,-1,-270.0,876.6619848457551,48.543747357681426,981.6034811966742
1424,1496159401,True,4,7,-1,-198.0,989.2516407689156,-122.0241966552599,1129.3712818069882
1424,1496159401,True,5,8,-1,-166.0,1084.9256902325883,53.87981546956937,1170.146922229145
1424,1496159401,True,6,9,-1,-74.0,929.3279444800073,-149.1217571296934,1072.3885483304132
1424,1496159401,True,7,10,-1,38.0,820.1810772186701,-37.944795865317424,909.4129015902881
1424,1496159401,True,8,11,-1,182.0,759.6767945845435,-158.95141373105963,759.6767945845435
1424,1496159401,True,9,12,-1,338.0,519.53677146617,-14.480150590509359,606.6204071073546
1424,1496159401,True,10,13,-1,482.0,500.8955470302736,129.90858620456868,554.7718681895122
1424,1496159401,True,11,14,-1,542.0,355.8793351624724,-84.22567409733672,355.8793351624724
1424,1496159401,False,12,15,-1,646.0,365.87777310449496,134.55157740787095,403.1775379794037
1424,1496159401,False,13,16,-1,762.0,344.82652290390763,86.59355624500529,350.7327578390588
1424,1496159401,False,14,0,-1,742.0,270.0666419935816,-45.0,297.818530948468
1424,1496245607,True,1,3,-1,-614.0,48.0,0.0,173.79378131787843
1424,1496245607,True,2,4,-1,-574.0,274.1649601833929,48.733709519690066,280.04096870827743
1424,1496245607,True,3,5,-1,-378.0,711.6183663866184,-143.90001716129322,796.4938411237772
1424,1496245607,True,4,6,-1,-330.0,967.1881678224777,49.28333894582485,1024.099805012588
1424,1496245607,True,5,7,-1,-250.0,1030.3140868785304,-122.23145790679882,1131.818757996408
1424,1496245607,True,6,8,-1,-162.0,1084.2131271845878,52.32393949398204,1196.0151667473192
1424,1496245607,True,7,9,-1,-90.0,841.6519784105114,-151.5835380846412,1059.041906314521
1424,1496245607,True,8,10,-1,-90.0,895.4236658346595,-42.2301195855302,981.8657884972871
1424,1496245607,True,9,11,-1,182.0,710.5465696168937,-158.98237679961798,710.5465696168937
1424,1496245607,True,10,12,-1,346.0,572.6192515578665,-20.881171066084384,611.5025590517171
1424,1496245607,True,11,13,-1,494.0,499.2386927807812,127.78382849397838,555.577018491959
1424,1496245607,True,12,14,-1,606.0,333.317206384626,-91.87480619326064,392.2771693118835
1424,1496245607,True,13,15,-1,694.0,148.7787780279544,150.75117366345305,148.7787780279544
1424,1496245607,False,14,0,-1,746.0,264.3495594675848,103.64430084124643,273.5099969945864
1424,1496245607,False,15,0,-1,906.0,259.79753195750527,124.6409475119163,271.4150664147221
1424,1496245607,False,16,16,-1,918.0,363.8987659787527,135.0,381.84524108272575
1424,1496334116,True,1,4,-1,-538.0,253.96540797233422,49.91603467778161,276.12983452553607
1424,1496334116,True,2,5,-1,-418.0,715.2464602713171,-143.29026584915562,798.5358439732252
1424,1496334116,True,3,6,-1,-306.0,941.7002963069791,50.45488413172637,986.3880675229676
1424,1496334116,True,4,7,-1,-234.0,1014.7480576556165,-123.49788114566856,1120.5191024447472
1424,1496334116,True,5,8,-1,-234.0,1064.3990802422384,52.496470948323996,1158.0143777186984
1424,1496334116,True,6,9,-1,-46.0,863.0381605659504,-152.26047977196842,1112.2199411014808
1424,1496334116,True,7,10,-1,-46.0,818.6390561438332,-42.00012413498041,897.9303721768906
1424,1496334116,True,8,11,-1,186.0,695.6319655400264,-156.67698264415668,695.6319655400264
1424,1496334116,True,9,12,-1,362.0,530.5204870629346,-16.70297305231795,606.1294870174374
1424,1496334116,True,10,13,-1,514.0,531.3818400151098,121.15536427486064,556.2864272518422
1424,1496334116,True,11,14,-1,646.0,313.33080553803416,-92.8520513469359,313.33080553803416
1424,1496334116,True,12,15,-1,762.0,170.36451239445154,130.10959794194616,197.57362177338504
1424,1496334116,True,13,16,-1,986.0,142.15136102998488,-138.1652063888104,151.62272174597192
1424,1496334116,False,14,0,-1,994.0,134.89608072892543,142.64040676102675,160.2860571431608
1424,1496334116,False,15,0,-1,1030.0,228.4838234585205,-179.42706130231653,249.7767801169382
1424,1496334116,False,16,0,-1,990.0,162.60798618168934,93.95317950179724,177.0784167456319
1424,1496334116,False,17,0,-1,1086.0,170.5232671452861,98.13010235415598,181.08832605196423
